{"cameraMode":{"drawMode":0,"name":"Shaded","section":"Shading Mode"},"sceneLighting":true,"audioPlay":false,"sceneViewState":{"showFog":true,"showMaterialUpdate":false,"showSkybox":true,"showFlares":true,"showImageEffects":true,"showParticleSystems":true},"in2DMode":false,"pivot":{"x":252.23509216308595,"y":3.709916114807129,"z":0.01503753662109375},"rotation":{"x":-0.1984729766845703,"y":-0.00970545131713152,"z":0.0019655991345643999,"w":-0.9800564050674439},"size":22.0,"orthographic":false}