{"cameraMode":{"drawMode":0,"name":"Shaded","section":"Shading Mode"},"sceneLighting":false,"audioPlay":false,"sceneViewState":{"showFog":true,"showMaterialUpdate":false,"showSkybox":false,"showFlares":true,"showImageEffects":true,"showParticleSystems":true},"in2DMode":false,"pivot":{"x":-22.366029739379884,"y":3.192995071411133,"z":13.142187118530274},"rotation":{"x":0.26122167706489565,"y":-0.09105584025382996,"z":0.02475718967616558,"w":0.9606556296348572},"size":82.16893768310547,"orthographic":false}