{"cameraMode":{"drawMode":0,"name":"Shaded","section":"Shading Mode"},"sceneLighting":false,"audioPlay":false,"sceneViewState":{"showFog":true,"showMaterialUpdate":false,"showSkybox":false,"showFlares":true,"showImageEffects":true,"showParticleSystems":true},"in2DMode":false,"pivot":{"x":23.245838165283204,"y":5.561962127685547,"z":-23.661705017089845},"rotation":{"x":0.26122167706489565,"y":-0.09105584025382996,"z":0.02475718967616558,"w":0.9606556296348572},"size":84.57533264160156,"orthographic":false}