{"cameraMode":{"drawMode":0,"name":"Shaded","section":"Shading Mode"},"sceneLighting":true,"audioPlay":false,"sceneViewState":{"showFog":true,"showMaterialUpdate":true,"showSkybox":true,"showFlares":true,"showImageEffects":true,"showParticleSystems":true},"in2DMode":false,"pivot":{"x":227.3429718017578,"y":9.34005069732666,"z":9.110319137573243},"rotation":{"x":0.005992549937218428,"y":-0.04946811869740486,"z":-0.0002986940380651504,"w":-0.9987577199935913},"size":42.30080795288086,"orthographic":false}