{"cameraMode":{"drawMode":0,"name":"Shaded","section":"Shading Mode"},"sceneLighting":true,"audioPlay":false,"sceneViewState":{"showFog":true,"showMaterialUpdate":true,"showSkybox":true,"showFlares":true,"showImageEffects":true,"showParticleSystems":true},"in2DMode":false,"pivot":{"x":208.4324951171875,"y":5.372441291809082,"z":2.1406774520874025},"rotation":{"x":-0.014974016696214676,"y":-0.05844983831048012,"z":0.0008777205948717892,"w":-0.998177707195282},"size":13.890398979187012,"orthographic":false}