{"cameraMode":{"drawMode":0,"name":"Shaded","section":"Shading Mode"},"sceneLighting":false,"audioPlay":false,"sceneViewState":{"showFog":true,"showMaterialUpdate":false,"showSkybox":false,"showFlares":true,"showImageEffects":true,"showParticleSystems":true},"in2DMode":false,"pivot":{"x":6.891703128814697,"y":2.7322680950164797,"z":18.97063636779785},"rotation":{"x":0.02697979100048542,"y":-0.03598121553659439,"z":0.0009691123268567026,"w":0.9989877939224243},"size":4.890840530395508,"orthographic":false}