{"cameraMode":{"drawMode":0,"name":"Shaded","section":"Shading Mode"},"sceneLighting":false,"audioPlay":false,"sceneViewState":{"showFog":true,"showMaterialUpdate":false,"showSkybox":false,"showFlares":true,"showImageEffects":true,"showParticleSystems":true},"in2DMode":false,"pivot":{"x":50.572410583496097,"y":4.800000190734863,"z":0.0},"rotation":{"x":-0.03755832463502884,"y":0.1127752810716629,"z":-0.004267191514372826,"w":-0.9929012656211853},"size":2.334385633468628,"orthographic":false}