{"cameraMode":{"drawMode":0,"name":"Shaded","section":"Shading Mode"},"sceneLighting":false,"audioPlay":false,"sceneViewState":{"showFog":true,"showMaterialUpdate":false,"showSkybox":false,"showFlares":true,"showImageEffects":true,"showParticleSystems":true},"in2DMode":false,"pivot":{"x":18.600000381469728,"y":0.8790000081062317,"z":0.0},"rotation":{"x":0.06823171675205231,"y":0.1431591957807541,"z":-0.009896324947476387,"w":0.9872953295707703},"size":4.001038551330566,"orthographic":false}