{"cameraMode":{"drawMode":0,"name":"Shaded","section":"Shading Mode"},"sceneLighting":true,"audioPlay":false,"sceneViewState":{"showFog":true,"showMaterialUpdate":true,"showSkybox":true,"showFlares":true,"showImageEffects":true,"showParticleSystems":true},"in2DMode":false,"pivot":{"x":149.28892517089845,"y":5.4444580078125,"z":6.379058837890625},"rotation":{"x":-0.13395121693611146,"y":-0.09645073860883713,"z":0.013098441995680333,"w":-0.9861961007118225},"size":78.39751434326172,"orthographic":false}