{"cameraMode":{"drawMode":0,"name":"Shaded","section":"Shading Mode"},"sceneLighting":false,"audioPlay":false,"sceneViewState":{"showFog":true,"showMaterialUpdate":false,"showSkybox":false,"showFlares":true,"showImageEffects":true,"showParticleSystems":true},"in2DMode":false,"pivot":{"x":-16.6820125579834,"y":2.25,"z":-7.3589887619018559},"rotation":{"x":0.02697979100048542,"y":-0.03598121553659439,"z":0.0009691123268567026,"w":0.9989877939224243},"size":7.37029504776001,"orthographic":false}