{"cameraMode":{"drawMode":0,"name":"Shaded","section":"Shading Mode"},"sceneLighting":false,"audioPlay":false,"sceneViewState":{"showFog":true,"showMaterialUpdate":false,"showSkybox":false,"showFlares":true,"showImageEffects":true,"showParticleSystems":true},"in2DMode":false,"pivot":{"x":5.968341827392578,"y":0.4525635242462158,"z":-0.26863741874694826},"rotation":{"x":0.26122167706489565,"y":-0.09105584025382996,"z":0.02475718967616558,"w":0.9606556296348572},"size":2.7393171787261965,"orthographic":false}