{"cameraMode":{"drawMode":0,"name":"Shaded","section":"Shading Mode"},"sceneLighting":false,"audioPlay":false,"sceneViewState":{"showFog":true,"showMaterialUpdate":false,"showSkybox":false,"showFlares":true,"showImageEffects":true,"showParticleSystems":true},"in2DMode":false,"pivot":{"x":15.874443054199219,"y":1.7321267127990723,"z":-4.701896667480469},"rotation":{"x":0.26122167706489565,"y":-0.09105584025382996,"z":0.02475718967616558,"w":0.9606556296348572},"size":15.399102210998536,"orthographic":false}