{"cameraMode":{"drawMode":0,"name":"Shaded","section":"Shading Mode"},"sceneLighting":false,"audioPlay":false,"sceneViewState":{"showFog":true,"showMaterialUpdate":false,"showSkybox":false,"showFlares":true,"showImageEffects":true,"showParticleSystems":true},"in2DMode":false,"pivot":{"x":-20.420000076293947,"y":-0.059999942779541019,"z":5.849999904632568},"rotation":{"x":0.26122167706489565,"y":-0.09105584025382996,"z":0.02475718967616558,"w":0.9606556296348572},"size":7.135855197906494,"orthographic":false}