{"cameraMode":{"drawMode":0,"name":"Shaded","section":"Shading Mode"},"sceneLighting":false,"audioPlay":false,"sceneViewState":{"showFog":true,"showMaterialUpdate":false,"showSkybox":false,"showFlares":true,"showImageEffects":true,"showParticleSystems":true},"in2DMode":false,"pivot":{"x":36.730979919433597,"y":3.8904314041137697,"z":0.6405162811279297},"rotation":{"x":0.04197113215923309,"y":-0.02847283147275448,"z":0.0011939500691369176,"w":0.9987123012542725},"size":18.212114334106447,"orthographic":false}