{"cameraMode":{"drawMode":0,"name":"Shaded","section":"Shading Mode"},"sceneLighting":false,"audioPlay":false,"sceneViewState":{"showFog":true,"showMaterialUpdate":false,"showSkybox":false,"showFlares":true,"showImageEffects":true,"showParticleSystems":true},"in2DMode":false,"pivot":{"x":3.9846291542053224,"y":-3.8826189041137697,"z":32.500022888183597},"rotation":{"x":0.02697979100048542,"y":-0.03598121553659439,"z":0.0009691123268567026,"w":0.9989877939224243},"size":41.726966857910159,"orthographic":false}