{"cameraMode":{"drawMode":0,"name":"Shaded","section":"Shading Mode"},"sceneLighting":true,"audioPlay":false,"sceneViewState":{"showFog":true,"showMaterialUpdate":false,"showSkybox":true,"showFlares":true,"showImageEffects":true,"showParticleSystems":true},"in2DMode":false,"pivot":{"x":258.1426086425781,"y":5.155627250671387,"z":-1.043375015258789},"rotation":{"x":0.21278166770935059,"y":0.026377808302640916,"z":-0.00574642326682806,"w":0.976726770401001},"size":18.117982864379884,"orthographic":false}