{"cameraMode":{"drawMode":0,"name":"Shaded","section":"Shading Mode"},"sceneLighting":true,"audioPlay":false,"sceneViewState":{"showFog":true,"showMaterialUpdate":false,"showSkybox":true,"showFlares":true,"showImageEffects":true,"showParticleSystems":true},"in2DMode":false,"pivot":{"x":208.6729736328125,"y":6.320450782775879,"z":2.2166097164154054},"rotation":{"x":-0.009256169199943543,"y":0.10688796639442444,"z":-0.000995153677649796,"w":-0.9942275285720825},"size":15.537187576293946,"orthographic":false}