{"cameraMode":{"drawMode":0,"name":"Shaded","section":"Shading Mode"},"sceneLighting":true,"audioPlay":false,"sceneViewState":{"showFog":true,"showMaterialUpdate":false,"showSkybox":true,"showFlares":true,"showImageEffects":true,"showParticleSystems":true},"in2DMode":false,"pivot":{"x":2.15519118309021,"y":1.3809545040130616,"z":-0.8180713057518005},"rotation":{"x":-0.30852749943733218,"y":0.09594914317131043,"z":-0.031297940760850909,"w":-0.9458462595939636},"size":1.0027787685394288,"orthographic":false}