{"cameraMode":{"drawMode":0,"name":"Shaded","section":"Shading Mode"},"sceneLighting":true,"audioPlay":false,"sceneViewState":{"showFog":true,"showMaterialUpdate":false,"showSkybox":true,"showFlares":true,"showImageEffects":true,"showParticleSystems":true},"in2DMode":false,"pivot":{"x":49.8808708190918,"y":5.616202354431152,"z":-0.12977570295333863},"rotation":{"x":-0.07053211331367493,"y":0.07831885665655136,"z":-0.005554863717406988,"w":-0.9944146871566773},"size":7.342780590057373,"orthographic":false}