{"cameraMode":{"drawMode":0,"name":"Shaded","section":"Shading Mode"},"sceneLighting":true,"audioPlay":false,"sceneViewState":{"showFog":true,"showMaterialUpdate":false,"showSkybox":true,"showFlares":true,"showImageEffects":true,"showParticleSystems":true},"in2DMode":false,"pivot":{"x":32.892189025878909,"y":2.243516683578491,"z":12.17652702331543},"rotation":{"x":-0.0018005326855927706,"y":-0.09973721951246262,"z":0.00018042708688881248,"w":-0.9950122237205505},"size":21.74224090576172,"orthographic":false}