{"cameraMode":{"drawMode":0,"name":"Shaded","section":"Shading Mode"},"sceneLighting":true,"audioPlay":false,"sceneViewState":{"showFog":true,"showMaterialUpdate":false,"showSkybox":true,"showFlares":true,"showImageEffects":true,"showParticleSystems":true},"in2DMode":false,"pivot":{"x":72.79647827148438,"y":7.611806869506836,"z":1.9216251373291016},"rotation":{"x":-0.036406733095645908,"y":-0.26885518431663515,"z":0.010170365683734417,"w":-0.9624385833740234},"size":5.906032562255859,"orthographic":false}