{"cameraMode":{"drawMode":0,"name":"Shaded","section":"Shading Mode"},"sceneLighting":false,"audioPlay":false,"sceneViewState":{"showFog":true,"showMaterialUpdate":false,"showSkybox":false,"showFlares":true,"showImageEffects":true,"showParticleSystems":true},"in2DMode":false,"pivot":{"x":29.577173233032228,"y":1.2109529972076417,"z":15.606937408447266},"rotation":{"x":-0.04825799539685249,"y":-0.03685152903199196,"z":0.0017816303297877312,"w":-0.9981533288955689},"size":22.0,"orthographic":false}