{"cameraMode":{"drawMode":0,"name":"Shaded","section":"Shading Mode"},"sceneLighting":true,"audioPlay":false,"sceneViewState":{"showFog":true,"showMaterialUpdate":false,"showSkybox":true,"showFlares":true,"showImageEffects":true,"showParticleSystems":true},"in2DMode":false,"pivot":{"x":52.26113510131836,"y":2.9793589115142824,"z":1.8279359340667725},"rotation":{"x":-0.19663548469543458,"y":-0.17773044109344483,"z":0.03627012297511101,"w":-0.9635511636734009},"size":23.413808822631837,"orthographic":false}