{"cameraMode":{"drawMode":0,"name":"Shaded","section":"Shading Mode"},"sceneLighting":false,"audioPlay":false,"sceneViewState":{"showFog":true,"showMaterialUpdate":false,"showSkybox":false,"showFlares":true,"showImageEffects":true,"showParticleSystems":true},"in2DMode":false,"pivot":{"x":4.118372917175293,"y":-1.967561960220337,"z":-0.000012159347534179688},"rotation":{"x":-0.04825799539685249,"y":-0.03685152903199196,"z":0.0017816303297877312,"w":-0.9981533288955689},"size":29.33831214904785,"orthographic":false}