{"cameraMode":{"drawMode":0,"name":"Shaded","section":"Shading Mode"},"sceneLighting":true,"audioPlay":false,"sceneViewState":{"showFog":true,"showMaterialUpdate":false,"showSkybox":true,"showFlares":true,"showImageEffects":true,"showParticleSystems":true},"in2DMode":false,"pivot":{"x":53.229034423828128,"y":3.5567679405212404,"z":1.7215347290039063},"rotation":{"x":-0.19663548469543458,"y":-0.17773044109344483,"z":0.03627012297511101,"w":-0.9635511636734009},"size":16.89409637451172,"orthographic":false}